id,FFV
1109053969,0.36503816
1422188626,0.37429887
2032016830,0.3544197
